canal_aquisicao,total_pedidos,cancelamentos,devolucoes,valor_medio,receita_total,taxa_cancelamento,taxa_devolucao,taxa_problema
indicação,3646,453,293,2565.975562260011,9355546.9,12.42,8.04,20.46
orgânico,3595,424,304,2521.148478442281,9063528.78,11.79,8.46,20.25
paid_search,3935,1210,250,2553.5131461245237,10048074.23,30.75,6.35,37.1
redes_sociais,3745,439,282,2657.1702910547397,9951102.74,11.72,7.53,19.25
